Source,district,month,year,visitors
domestic,Adilabad,January,2016,792136
domestic,Adilabad,February,2016,937820
domestic,Adilabad,March,2016,582946
domestic,Adilabad,April,2016,341948
domestic,Adilabad,May,2016,252887
domestic,Adilabad,June,2016,368237
domestic,Adilabad,July,2016,447562
domestic,Adilabad,August,2016,614285
domestic,Adilabad,September,2016,491279
domestic,Adilabad,October,2016,94184
domestic,Adilabad,November,2016,99148
domestic,Adilabad,December,2016,53125
domestic,Adilabad,January,2018,320356
domestic,Adilabad,February,2018,36550
domestic,Adilabad,March,2018,23011
domestic,Adilabad,April,2018,14183
domestic,Adilabad,May,2018,8197
domestic,Adilabad,June,2018,12052
domestic,Adilabad,July,2018,24666
domestic,Adilabad,August,2018,38939
domestic,Adilabad,September,2018,25875
domestic,Adilabad,October,2018,30257
domestic,Adilabad,November,2018,49181
domestic,Adilabad,December,2018,61476
domestic,Adilabad,January,2017,318799
domestic,Adilabad,February,2017,83316
domestic,Adilabad,March,2017,27508
domestic,Adilabad,April,2017,13946
domestic,Adilabad,May,2017,11752
domestic,Adilabad,June,2017,26859
domestic,Adilabad,July,2017,52386
domestic,Adilabad,August,2017,34876
domestic,Adilabad,September,2017,42699
domestic,Adilabad,October,2017,41666
domestic,Adilabad,November,2017,117322
domestic,Adilabad,December,2017,54251
domestic,Adilabad,January,2019,25071
domestic,Adilabad,February,2019,406177
domestic,Adilabad,March,2019,14347
domestic,Adilabad,April,2019,9972
domestic,Adilabad,May,2019,6997
domestic,Adilabad,June,2019,9161
domestic,Adilabad,July,2019,11791
domestic,Adilabad,August,2019,108173
domestic,Adilabad,September,2019,37589
domestic,Adilabad,October,2019,38184
domestic,Adilabad,November,2019,70344
domestic,Adilabad,December,2019,38089
domestic,Bhadradri Kothagudem,January,2016,450020
domestic,Bhadradri Kothagudem,February,2016,450020
domestic,Bhadradri Kothagudem,March,2016,450020
domestic,Bhadradri Kothagudem,April,2016,450020
domestic,Bhadradri Kothagudem,May,2016,450020
domestic,Bhadradri Kothagudem,June,2016,450020
domestic,Bhadradri Kothagudem,July,2016,450020
domestic,Bhadradri Kothagudem,August,2016,450020
domestic,Bhadradri Kothagudem,September,2016,450020
domestic,Bhadradri Kothagudem,October,2016,310133
domestic,Bhadradri Kothagudem,November,2016,252127
domestic,Bhadradri Kothagudem,December,2016,326770
domestic,Bhadradri Kothagudem,January,2018,421275
domestic,Bhadradri Kothagudem,February,2018,240634
domestic,Bhadradri Kothagudem,March,2018,421275
domestic,Bhadradri Kothagudem,April,2018,341258
domestic,Bhadradri Kothagudem,May,2018,291273
domestic,Bhadradri Kothagudem,June,2018,290512
domestic,Bhadradri Kothagudem,July,2018,220304
domestic,Bhadradri Kothagudem,August,2018,219548
domestic,Bhadradri Kothagudem,September,2018,334878
domestic,Bhadradri Kothagudem,October,2018,322974
domestic,Bhadradri Kothagudem,November,2018,253464
domestic,Bhadradri Kothagudem,December,2018,442483
domestic,Bhadradri Kothagudem,January,2017,302315
domestic,Bhadradri Kothagudem,February,2017,251359
domestic,Bhadradri Kothagudem,March,2017,243943
domestic,Bhadradri Kothagudem,April,2017,667459
domestic,Bhadradri Kothagudem,May,2017,311626
domestic,Bhadradri Kothagudem,June,2017,351742
domestic,Bhadradri Kothagudem,July,2017,258114
domestic,Bhadradri Kothagudem,August,2017,316438
domestic,Bhadradri Kothagudem,September,2017,381784
domestic,Bhadradri Kothagudem,October,2017,334504
domestic,Bhadradri Kothagudem,November,2017,281515
domestic,Bhadradri Kothagudem,December,2017,393518
domestic,Bhadradri Kothagudem,January,2019,283365
domestic,Bhadradri Kothagudem,February,2019,229159
domestic,Bhadradri Kothagudem,March,2019,225448
domestic,Bhadradri Kothagudem,April,2019,349585
domestic,Bhadradri Kothagudem,May,2019,275800
domestic,Bhadradri Kothagudem,June,2019,9761776
domestic,Bhadradri Kothagudem,July,2019,233338
domestic,Bhadradri Kothagudem,August,2019,271941
domestic,Bhadradri Kothagudem,September,2019,314199
domestic,Bhadradri Kothagudem,October,2019,287432
domestic,Bhadradri Kothagudem,November,2019,298366
domestic,Bhadradri Kothagudem,December,2019,287328
domestic,Hyderabad,January,2016,1122510
domestic,Hyderabad,February,2016,778748
domestic,Hyderabad,March,2016,1017794
domestic,Hyderabad,April,2016,1127738
domestic,Hyderabad,May,2016,1287181
domestic,Hyderabad,June,2016,12032661
domestic,Hyderabad,July,2016,1096754
domestic,Hyderabad,August,2016,1061137
domestic,Hyderabad,September,2016,832987
domestic,Hyderabad,October,2016,901960
domestic,Hyderabad,November,2016,909733
domestic,Hyderabad,December,2016,1225502
domestic,Hyderabad,January,2018,1978396
domestic,Hyderabad,February,2018,1365837
domestic,Hyderabad,March,2018,1415938
domestic,Hyderabad,April,2018,1586375
domestic,Hyderabad,May,2018,1189492
domestic,Hyderabad,June,2018,1595067
domestic,Hyderabad,July,2018,1470042
domestic,Hyderabad,August,2018,1591470
domestic,Hyderabad,September,2018,1508086
domestic,Hyderabad,October,2018,2207478
domestic,Hyderabad,November,2018,1671320
domestic,Hyderabad,December,2018,1964150
domestic,Hyderabad,January,2017,1924695
domestic,Hyderabad,February,2017,1886698
domestic,Hyderabad,March,2017,1783903
domestic,Hyderabad,April,2017,2366793
domestic,Hyderabad,May,2017,2266793
domestic,Hyderabad,June,2017,2007060
domestic,Hyderabad,July,2017,1890870
domestic,Hyderabad,August,2017,1976980
domestic,Hyderabad,September,2017,2011280
domestic,Hyderabad,October,2017,2202316
domestic,Hyderabad,November,2017,1971438
domestic,Hyderabad,December,2017,4871416
domestic,Hyderabad,January,2019,1426500
domestic,Hyderabad,February,2019,983147
domestic,Hyderabad,March,2019,1009991
domestic,Hyderabad,April,2019,1045933
domestic,Hyderabad,May,2019,1305748
domestic,Hyderabad,June,2019,1262995
domestic,Hyderabad,July,2019,1094861
domestic,Hyderabad,August,2019,1121380
domestic,Hyderabad,September,2019,959930
domestic,Hyderabad,October,2019,1240643
domestic,Hyderabad,November,2019,1073665
domestic,Hyderabad,December,2019,1277569
domestic,Jagtial,January,2016,235490
domestic,Jagtial,February,2016,235490
domestic,Jagtial,March,2016,235490
domestic,Jagtial,April,2016,235490
domestic,Jagtial,May,2016,235490
domestic,Jagtial,June,2016,235490
domestic,Jagtial,July,2016,235490
domestic,Jagtial,August,2016,235490
domestic,Jagtial,September,2016,235490
domestic,Jagtial,October,2016,201249
domestic,Jagtial,November,2016,214534
domestic,Jagtial,December,2016,207294
domestic,Jagtial,January,2018,614082
domestic,Jagtial,February,2018,349576
domestic,Jagtial,March,2018,416716
domestic,Jagtial,April,2018,372874
domestic,Jagtial,May,2018,641363
domestic,Jagtial,June,2018,182505
domestic,Jagtial,July,2018,182473
domestic,Jagtial,August,2018,272685
domestic,Jagtial,September,2018,273121
domestic,Jagtial,October,2018,138206
domestic,Jagtial,November,2018,277997
domestic,Jagtial,December,2018,231323
domestic,Jagtial,January,2017,174477
domestic,Jagtial,February,2017,159659
domestic,Jagtial,March,2017,323658
domestic,Jagtial,April,2017,330540
domestic,Jagtial,May,2017,468038
domestic,Jagtial,June,2017,418103
domestic,Jagtial,July,2017,247254
domestic,Jagtial,August,2017,386458
domestic,Jagtial,September,2017,143102
domestic,Jagtial,October,2017,248504
domestic,Jagtial,November,2017,348042
domestic,Jagtial,December,2017,393566
domestic,Jagtial,January,2019,211913
domestic,Jagtial,February,2019,215105
domestic,Jagtial,March,2019,194090
domestic,Jagtial,April,2019,447226
domestic,Jagtial,May,2019,500206
domestic,Jagtial,June,2019,235363
domestic,Jagtial,July,2019,157419
domestic,Jagtial,August,2019,151570
domestic,Jagtial,September,2019,157564
domestic,Jagtial,October,2019,165070
domestic,Jagtial,November,2019,277630
domestic,Jagtial,December,2019,372959
domestic,Jangaon,January,2016,17214
domestic,Jangaon,February,2016,17214
domestic,Jangaon,March,2016,17214
domestic,Jangaon,April,2016,17214
domestic,Jangaon,May,2016,17214
domestic,Jangaon,June,2016,17214
domestic,Jangaon,July,2016,17214
domestic,Jangaon,August,2016,17214
domestic,Jangaon,September,2016,17214
domestic,Jangaon,October,2016,14770
domestic,Jangaon,November,2016,13210
domestic,Jangaon,December,2016,12680
domestic,Jangaon,January,2018,17180
domestic,Jangaon,February,2018,18600
domestic,Jangaon,March,2018,17300
domestic,Jangaon,April,2018,18100
domestic,Jangaon,May,2018,19660
domestic,Jangaon,June,2018,23050
domestic,Jangaon,July,2018,26280
domestic,Jangaon,August,2018,26020
domestic,Jangaon,September,2018,28830
domestic,Jangaon,October,2018,29470
domestic,Jangaon,November,2018,29570
domestic,Jangaon,December,2018,36962
domestic,Jangaon,January,2017,12280
domestic,Jangaon,February,2017,12610
domestic,Jangaon,March,2017,8450
domestic,Jangaon,April,2017,9788
domestic,Jangaon,May,2017,12130
domestic,Jangaon,June,2017,13750
domestic,Jangaon,July,2017,16050
domestic,Jangaon,August,2017,15680
domestic,Jangaon,September,2017,15600
domestic,Jangaon,October,2017,16130
domestic,Jangaon,November,2017,16360
domestic,Jangaon,December,2017,16880
domestic,Jangaon,January,2019,28750
domestic,Jangaon,February,2019,28810
domestic,Jangaon,March,2019,27300
domestic,Jangaon,April,2019,26160
domestic,Jangaon,May,2019,26740
domestic,Jangaon,June,2019,25820
domestic,Jangaon,July,2019,24160
domestic,Jangaon,August,2019,27800
domestic,Jangaon,September,2019,28640
domestic,Jangaon,October,2019,27840
domestic,Jangaon,November,2019,28410
domestic,Jangaon,December,2019,28460
domestic,Jayashankar Bhoopalpally,January,2016,409018
domestic,Jayashankar Bhoopalpally,February,2016,409018
domestic,Jayashankar Bhoopalpally,March,2016,409018
domestic,Jayashankar Bhoopalpally,April,2016,409018
domestic,Jayashankar Bhoopalpally,May,2016,409018
domestic,Jayashankar Bhoopalpally,June,2016,409018
domestic,Jayashankar Bhoopalpally,July,2016,409018
domestic,Jayashankar Bhoopalpally,August,2016,409018
domestic,Jayashankar Bhoopalpally,September,2016,409018
domestic,Jayashankar Bhoopalpally,October,2016,76360
domestic,Jayashankar Bhoopalpally,November,2016,81580
domestic,Jayashankar Bhoopalpally,December,2016,85460
domestic,Jayashankar Bhoopalpally,January,2018,6519850
domestic,Jayashankar Bhoopalpally,February,2018,8626250
domestic,Jayashankar Bhoopalpally,March,2018,146150
domestic,Jayashankar Bhoopalpally,April,2018,149150
domestic,Jayashankar Bhoopalpally,May,2018,152050
domestic,Jayashankar Bhoopalpally,June,2018,159400
domestic,Jayashankar Bhoopalpally,July,2018,128550
domestic,Jayashankar Bhoopalpally,August,2018,184700
domestic,Jayashankar Bhoopalpally,September,2018,192300
domestic,Jayashankar Bhoopalpally,October,2018,195400
domestic,Jayashankar Bhoopalpally,November,2018,196500
domestic,Jayashankar Bhoopalpally,December,2018,245625
domestic,Jayashankar Bhoopalpally,January,2017,96560
domestic,Jayashankar Bhoopalpally,February,2017,96850
domestic,Jayashankar Bhoopalpally,March,2017,81400
domestic,Jayashankar Bhoopalpally,April,2017,90700
domestic,Jayashankar Bhoopalpally,May,2017,91150
domestic,Jayashankar Bhoopalpally,June,2017,93650
domestic,Jayashankar Bhoopalpally,July,2017,94700
domestic,Jayashankar Bhoopalpally,August,2017,118350
domestic,Jayashankar Bhoopalpally,September,2017,112600
domestic,Jayashankar Bhoopalpally,October,2017,115250
domestic,Jayashankar Bhoopalpally,November,2017,116800
domestic,Jayashankar Bhoopalpally,December,2017,723000
domestic,Jayashankar Bhoopalpally,January,2019,197430
domestic,Jayashankar Bhoopalpally,February,2019,33500
domestic,Jayashankar Bhoopalpally,March,2019,37500
domestic,Jayashankar Bhoopalpally,April,2019,38500
domestic,Jayashankar Bhoopalpally,May,2019,30800
domestic,Jayashankar Bhoopalpally,June,2019,40500
domestic,Jayashankar Bhoopalpally,July,2019,45500
domestic,Jayashankar Bhoopalpally,August,2019,45000
domestic,Jayashankar Bhoopalpally,September,2019,50500
domestic,Jayashankar Bhoopalpally,October,2019,46000
domestic,Jayashankar Bhoopalpally,November,2019,51500
domestic,Jayashankar Bhoopalpally,December,2019,45800
domestic,Jogulamba Gadwal,January,2016,141945
domestic,Jogulamba Gadwal,February,2016,141945
domestic,Jogulamba Gadwal,March,2016,141945
domestic,Jogulamba Gadwal,April,2016,141945
domestic,Jogulamba Gadwal,May,2016,141945
domestic,Jogulamba Gadwal,June,2016,141945
domestic,Jogulamba Gadwal,July,2016,141945
domestic,Jogulamba Gadwal,August,2016,141945
domestic,Jogulamba Gadwal,September,2016,141945
domestic,Jogulamba Gadwal,October,2016,152898
domestic,Jogulamba Gadwal,November,2016,188170
domestic,Jogulamba Gadwal,December,2016,182333
domestic,Jogulamba Gadwal,January,2018,146441
domestic,Jogulamba Gadwal,February,2018,481110
domestic,Jogulamba Gadwal,March,2018,155013
domestic,Jogulamba Gadwal,April,2018,138673
domestic,Jogulamba Gadwal,May,2018,131426
domestic,Jogulamba Gadwal,June,2018,160182
domestic,Jogulamba Gadwal,July,2018,114951
domestic,Jogulamba Gadwal,August,2018,123733
domestic,Jogulamba Gadwal,September,2018,121710
domestic,Jogulamba Gadwal,October,2018,152898
domestic,Jogulamba Gadwal,November,2018,128075
domestic,Jogulamba Gadwal,December,2018,182333
domestic,Jogulamba Gadwal,January,2017,214887
domestic,Jogulamba Gadwal,February,2017,481110
domestic,Jogulamba Gadwal,March,2017,155013
domestic,Jogulamba Gadwal,April,2017,131426
domestic,Jogulamba Gadwal,May,2017,131426
domestic,Jogulamba Gadwal,June,2017,160182
domestic,Jogulamba Gadwal,July,2017,160182
domestic,Jogulamba Gadwal,August,2017,131485
domestic,Jogulamba Gadwal,September,2017,123733
domestic,Jogulamba Gadwal,October,2017,152898
domestic,Jogulamba Gadwal,November,2017,188170
domestic,Jogulamba Gadwal,December,2017,214887
domestic,Jogulamba Gadwal,January,2019,146441
domestic,Jogulamba Gadwal,February,2019,481110
domestic,Jogulamba Gadwal,March,2019,155013
domestic,Jogulamba Gadwal,April,2019,82334
domestic,Jogulamba Gadwal,May,2019,154609
domestic,Jogulamba Gadwal,June,2019,155013
domestic,Jogulamba Gadwal,July,2019,114951
domestic,Jogulamba Gadwal,August,2019,123733
domestic,Jogulamba Gadwal,September,2019,131485
domestic,Jogulamba Gadwal,October,2019,152898
domestic,Jogulamba Gadwal,November,2019,128075
domestic,Jogulamba Gadwal,December,2019,182333
domestic,Kamareddy,January,2016,37
domestic,Kamareddy,February,2016,37
domestic,Kamareddy,March,2016,37
domestic,Kamareddy,April,2016,37
domestic,Kamareddy,May,2016,37
domestic,Kamareddy,June,2016,37
domestic,Kamareddy,July,2016,37
domestic,Kamareddy,August,2016,37
domestic,Kamareddy,September,2016,37
domestic,Kamareddy,October,2016,47
domestic,Kamareddy,November,2016,38
domestic,Kamareddy,December,2016,42
domestic,Kamareddy,January,2018,44
domestic,Kamareddy,February,2018,44
domestic,Kamareddy,March,2018,45
domestic,Kamareddy,April,2018,45
domestic,Kamareddy,May,2018,49
domestic,Kamareddy,June,2018,56
domestic,Kamareddy,July,2018,48
domestic,Kamareddy,August,2018,55
domestic,Kamareddy,September,2018,40
domestic,Kamareddy,October,2018,62
domestic,Kamareddy,November,2018,41
domestic,Kamareddy,December,2018,43
domestic,Kamareddy,January,2017,58
domestic,Kamareddy,February,2017,50
domestic,Kamareddy,March,2017,41
domestic,Kamareddy,April,2017,46
domestic,Kamareddy,May,2017,60
domestic,Kamareddy,June,2017,41
domestic,Kamareddy,July,2017,41
domestic,Kamareddy,August,2017,40
domestic,Kamareddy,September,2017,41
domestic,Kamareddy,October,2017,38
domestic,Kamareddy,November,2017,43
domestic,Kamareddy,December,2017,41
domestic,Kamareddy,January,2019,42
domestic,Kamareddy,February,2019,41
domestic,Kamareddy,March,2019,45
domestic,Kamareddy,April,2019,41
domestic,Kamareddy,May,2019,46
domestic,Kamareddy,June,2019,41
domestic,Kamareddy,July,2019,50
domestic,Kamareddy,August,2019,50
domestic,Kamareddy,September,2019,41
domestic,Kamareddy,October,2019,46
domestic,Kamareddy,November,2019,46
domestic,Kamareddy,December,2019,45
domestic,Karimnagar,January,2016,1984442
domestic,Karimnagar,February,2016,779960
domestic,Karimnagar,March,2016,1018399
domestic,Karimnagar,April,2016,956959
domestic,Karimnagar,May,2016,1095642
domestic,Karimnagar,June,2016,914746
domestic,Karimnagar,July,2016,401047
domestic,Karimnagar,August,2016,1018399
domestic,Karimnagar,September,2016,956959
domestic,Karimnagar,October,2016,13675
domestic,Karimnagar,November,2016,13350
domestic,Karimnagar,December,2016,13890
domestic,Karimnagar,January,2018,13505
domestic,Karimnagar,February,2018,9330
domestic,Karimnagar,March,2018,7205
domestic,Karimnagar,April,2018,5830
domestic,Karimnagar,May,2018,5689
domestic,Karimnagar,June,2018,7180
domestic,Karimnagar,July,2018,6686
domestic,Karimnagar,August,2018,8480
domestic,Karimnagar,September,2018,8480
domestic,Karimnagar,October,2018,6118
domestic,Karimnagar,November,2018,7145
domestic,Karimnagar,December,2018,7800
domestic,Karimnagar,January,2017,14425
domestic,Karimnagar,February,2017,10845
domestic,Karimnagar,March,2017,9625
domestic,Karimnagar,April,2017,8630
domestic,Karimnagar,May,2017,8890
domestic,Karimnagar,June,2017,10542
domestic,Karimnagar,July,2017,12350
domestic,Karimnagar,August,2017,10952
domestic,Karimnagar,September,2017,7576
domestic,Karimnagar,October,2017,8371
domestic,Karimnagar,November,2017,8705
domestic,Karimnagar,December,2017,13065
domestic,Karimnagar,January,2019,10285
domestic,Karimnagar,February,2019,6480
domestic,Karimnagar,March,2019,6634
domestic,Karimnagar,April,2019,5623
domestic,Karimnagar,May,2019,3393
domestic,Karimnagar,June,2019,3871
domestic,Karimnagar,July,2019,5192
domestic,Karimnagar,August,2019,5480
domestic,Karimnagar,September,2019,8735
domestic,Karimnagar,October,2019,6799
domestic,Karimnagar,November,2019,7101
domestic,Karimnagar,December,2019,7898
domestic,Khammam,January,2016,651827
domestic,Khammam,February,2016,407533
domestic,Khammam,March,2016,458527
domestic,Khammam,April,2016,971622
domestic,Khammam,May,2016,433994
domestic,Khammam,June,2016,445862
domestic,Khammam,July,2016,414963
domestic,Khammam,August,2016,503654
domestic,Khammam,September,2016,368437
domestic,Khammam,October,2016,121575
domestic,Khammam,November,2016,110634
domestic,Khammam,December,2016,116403
domestic,Khammam,January,2018,110094
domestic,Khammam,February,2018,104444
domestic,Khammam,March,2018,127152
domestic,Khammam,April,2018,126553
domestic,Khammam,May,2018,135189
domestic,Khammam,June,2018,135988
domestic,Khammam,July,2018,85932
domestic,Khammam,August,2018,86309
domestic,Khammam,September,2018,143465
domestic,Khammam,October,2018,127645
domestic,Khammam,November,2018,99070
domestic,Khammam,December,2018,135600
domestic,Khammam,January,2017,132528
domestic,Khammam,February,2017,115470
domestic,Khammam,March,2017,101878
domestic,Khammam,April,2017,135920
domestic,Khammam,May,2017,138799
domestic,Khammam,June,2017,138158
domestic,Khammam,July,2017,105102
domestic,Khammam,August,2017,129159
domestic,Khammam,September,2017,140821
domestic,Khammam,October,2017,155943
domestic,Khammam,November,2017,110800
domestic,Khammam,December,2017,137825
domestic,Khammam,January,2019,123550
domestic,Khammam,February,2019,98471
domestic,Khammam,March,2019,91340
domestic,Khammam,April,2019,135920
domestic,Khammam,May,2019,130971
domestic,Khammam,June,2019,127270
domestic,Khammam,July,2019,103260
domestic,Khammam,August,2019,111374
domestic,Khammam,September,2019,133754
domestic,Khammam,October,2019,128625
domestic,Khammam,November,2019,104380
domestic,Khammam,December,2019,124525
domestic,Komaram Bheem Asifabad,January,2016,1932
domestic,Komaram Bheem Asifabad,February,2016,1932
domestic,Komaram Bheem Asifabad,March,2016,1932
domestic,Komaram Bheem Asifabad,April,2016,1932
domestic,Komaram Bheem Asifabad,May,2016,1932
domestic,Komaram Bheem Asifabad,June,2016,1932
domestic,Komaram Bheem Asifabad,July,2016,1932
domestic,Komaram Bheem Asifabad,August,2016,1932
domestic,Komaram Bheem Asifabad,September,2016,1932
domestic,Komaram Bheem Asifabad,October,2016,0
domestic,Komaram Bheem Asifabad,November,2016,0
domestic,Komaram Bheem Asifabad,December,2016,0
domestic,Komaram Bheem Asifabad,January,2018,2863
domestic,Komaram Bheem Asifabad,February,2018,2736
domestic,Komaram Bheem Asifabad,March,2018,1826
domestic,Komaram Bheem Asifabad,April,2018,868
domestic,Komaram Bheem Asifabad,May,2018,793
domestic,Komaram Bheem Asifabad,June,2018,990
domestic,Komaram Bheem Asifabad,July,2018,1954
domestic,Komaram Bheem Asifabad,August,2018,2263
domestic,Komaram Bheem Asifabad,September,2018,1819
domestic,Komaram Bheem Asifabad,October,2018,2525
domestic,Komaram Bheem Asifabad,November,2018,1741
domestic,Komaram Bheem Asifabad,December,2018,2176
domestic,Komaram Bheem Asifabad,January,2017,2241
domestic,Komaram Bheem Asifabad,February,2017,2490
domestic,Komaram Bheem Asifabad,March,2017,2767
domestic,Komaram Bheem Asifabad,April,2017,3074
domestic,Komaram Bheem Asifabad,May,2017,3416
domestic,Komaram Bheem Asifabad,June,2017,3796
domestic,Komaram Bheem Asifabad,July,2017,3713
domestic,Komaram Bheem Asifabad,August,2017,3665
domestic,Komaram Bheem Asifabad,September,2017,3934
domestic,Komaram Bheem Asifabad,October,2017,14050
domestic,Komaram Bheem Asifabad,November,2017,3627
domestic,Komaram Bheem Asifabad,December,2017,4218
domestic,Komaram Bheem Asifabad,January,2019,2476
domestic,Komaram Bheem Asifabad,February,2019,1449
domestic,Komaram Bheem Asifabad,March,2019,1212
domestic,Komaram Bheem Asifabad,April,2019,663
domestic,Komaram Bheem Asifabad,May,2019,493
domestic,Komaram Bheem Asifabad,June,2019,506
domestic,Komaram Bheem Asifabad,July,2019,1287
domestic,Komaram Bheem Asifabad,August,2019,2572
domestic,Komaram Bheem Asifabad,September,2019,1629
domestic,Komaram Bheem Asifabad,October,2019,1943
domestic,Komaram Bheem Asifabad,November,2019,2176
domestic,Komaram Bheem Asifabad,December,2019,2783
domestic,Mahabubabad,January,2016,12515
domestic,Mahabubabad,February,2016,12515
domestic,Mahabubabad,March,2016,12515
domestic,Mahabubabad,April,2016,12515
domestic,Mahabubabad,May,2016,12515
domestic,Mahabubabad,June,2016,12515
domestic,Mahabubabad,July,2016,12515
domestic,Mahabubabad,August,2016,12515
domestic,Mahabubabad,September,2016,12515
domestic,Mahabubabad,October,2016,13032
domestic,Mahabubabad,November,2016,114015
domestic,Mahabubabad,December,2016,12955
domestic,Mahabubabad,January,2018,14000
domestic,Mahabubabad,February,2018,14230
domestic,Mahabubabad,March,2018,13110
domestic,Mahabubabad,April,2018,12915
domestic,Mahabubabad,May,2018,12865
domestic,Mahabubabad,June,2018,13910
domestic,Mahabubabad,July,2018,13970
domestic,Mahabubabad,August,2018,13200
domestic,Mahabubabad,September,2018,13420
domestic,Mahabubabad,October,2018,13550
domestic,Mahabubabad,November,2018,13700
domestic,Mahabubabad,December,2018,17125
domestic,Mahabubabad,January,2017,13260
domestic,Mahabubabad,February,2017,13045
domestic,Mahabubabad,March,2017,9100
domestic,Mahabubabad,April,2017,9140
domestic,Mahabubabad,May,2017,10220
domestic,Mahabubabad,June,2017,10130
domestic,Mahabubabad,July,2017,10170
domestic,Mahabubabad,August,2017,12520
domestic,Mahabubabad,September,2017,13140
domestic,Mahabubabad,October,2017,13750
domestic,Mahabubabad,November,2017,13560
domestic,Mahabubabad,December,2017,13780
domestic,Mahabubabad,January,2019,13480
domestic,Mahabubabad,February,2019,13545
domestic,Mahabubabad,March,2019,13490
domestic,Mahabubabad,April,2019,12980
domestic,Mahabubabad,May,2019,11970
domestic,Mahabubabad,June,2019,11460
domestic,Mahabubabad,July,2019,13470
domestic,Mahabubabad,August,2019,12190
domestic,Mahabubabad,September,2019,13210
domestic,Mahabubabad,October,2019,12260
domestic,Mahabubabad,November,2019,12470
domestic,Mahabubabad,December,2019,12360
domestic,Mahbubnagar,January,2016,577071
domestic,Mahbubnagar,February,2016,1312068
domestic,Mahbubnagar,March,2016,1731983
domestic,Mahbubnagar,April,2016,622432
domestic,Mahbubnagar,May,2016,571898
domestic,Mahbubnagar,June,2016,561006
domestic,Mahbubnagar,July,2016,562322
domestic,Mahbubnagar,August,2016,1133105
domestic,Mahbubnagar,September,2016,567712
domestic,Mahbubnagar,October,2016,198592
domestic,Mahbubnagar,November,2016,256375
domestic,Mahbubnagar,December,2016,210202
domestic,Mahbubnagar,January,2018,156153
domestic,Mahbubnagar,February,2018,788083
domestic,Mahbubnagar,March,2018,166863
domestic,Mahbubnagar,April,2018,196061
domestic,Mahbubnagar,May,2018,193478
domestic,Mahbubnagar,June,2018,165553
domestic,Mahbubnagar,July,2018,161841
domestic,Mahbubnagar,August,2018,169154
domestic,Mahbubnagar,September,2018,167833
domestic,Mahbubnagar,October,2018,193152
domestic,Mahbubnagar,November,2018,295910
domestic,Mahbubnagar,December,2018,198227
domestic,Mahbubnagar,January,2017,446135
domestic,Mahbubnagar,February,2017,805392
domestic,Mahbubnagar,March,2017,178256
domestic,Mahbubnagar,April,2017,208694
domestic,Mahbubnagar,May,2017,214209
domestic,Mahbubnagar,June,2017,179210
domestic,Mahbubnagar,July,2017,179099
domestic,Mahbubnagar,August,2017,215229
domestic,Mahbubnagar,September,2017,180675
domestic,Mahbubnagar,October,2017,196103
domestic,Mahbubnagar,November,2017,259060
domestic,Mahbubnagar,December,2017,426167
domestic,Mahbubnagar,January,2019,168082
domestic,Mahbubnagar,February,2019,798949
domestic,Mahbubnagar,March,2019,173658
domestic,Mahbubnagar,April,2019,183268
domestic,Mahbubnagar,May,2019,175202
domestic,Mahbubnagar,June,2019,175853
domestic,Mahbubnagar,July,2019,100398
domestic,Mahbubnagar,August,2019,104787
domestic,Mahbubnagar,September,2019,141387
domestic,Mahbubnagar,October,2019,130227
domestic,Mahbubnagar,November,2019,234066
domestic,Mahbubnagar,December,2019,148938
domestic,Mancherial,January,2016,18068
domestic,Mancherial,February,2016,18068
domestic,Mancherial,March,2016,18068
domestic,Mancherial,April,2016,18068
domestic,Mancherial,May,2016,18068
domestic,Mancherial,June,2016,18068
domestic,Mancherial,July,2016,18068
domestic,Mancherial,August,2016,18068
domestic,Mancherial,September,2016,18068
domestic,Mancherial,October,2016,3124
domestic,Mancherial,November,2016,2255
domestic,Mancherial,December,2016,2423
domestic,Mancherial,January,2018,71955
domestic,Mancherial,February,2018,38599
domestic,Mancherial,March,2018,20749
domestic,Mancherial,April,2018,38483
domestic,Mancherial,May,2018,26179
domestic,Mancherial,June,2018,31667
domestic,Mancherial,July,2018,27937
domestic,Mancherial,August,2018,31861
domestic,Mancherial,September,2018,23141
domestic,Mancherial,October,2018,30740
domestic,Mancherial,November,2018,25197
domestic,Mancherial,December,2018,31496
domestic,Mancherial,January,2017,2937
domestic,Mancherial,February,2017,3130
domestic,Mancherial,March,2017,2775
domestic,Mancherial,April,2017,1513
domestic,Mancherial,May,2017,1424
domestic,Mancherial,June,2017,2119
domestic,Mancherial,July,2017,33591
domestic,Mancherial,August,2017,26104
domestic,Mancherial,September,2017,24297
domestic,Mancherial,October,2017,37671
domestic,Mancherial,November,2017,25737
domestic,Mancherial,December,2017,30328
domestic,Mancherial,January,2019,18420
domestic,Mancherial,February,2019,26325
domestic,Mancherial,March,2019,16253
domestic,Mancherial,April,2019,23026
domestic,Mancherial,May,2019,26616
domestic,Mancherial,June,2019,24593
domestic,Mancherial,July,2019,22303
domestic,Mancherial,August,2019,21191
domestic,Mancherial,September,2019,24079
domestic,Mancherial,October,2019,20867
domestic,Mancherial,November,2019,29302
domestic,Mancherial,December,2019,16835
domestic,Medak,January,2016,92600
domestic,Medak,February,2016,215000
domestic,Medak,March,2016,1318000
domestic,Medak,April,2016,300000
domestic,Medak,May,2016,198000
domestic,Medak,June,2016,166700
domestic,Medak,July,2016,153300
domestic,Medak,August,2016,216100
domestic,Medak,September,2016,132600
domestic,Medak,October,2016,15600
domestic,Medak,November,2016,132300
domestic,Medak,December,2016,523000
domestic,Medak,January,2018,100000
domestic,Medak,February,2018,1000000
domestic,Medak,March,2018,600000
domestic,Medak,April,2018,200000
domestic,Medak,May,2018,300000
domestic,Medak,June,2018,500000
domestic,Medak,July,2018,150000
domestic,Medak,August,2018,50000
domestic,Medak,September,2018,100000
domestic,Medak,October,2018,300000
domestic,Medak,November,2018,200000
domestic,Medak,December,2018,400000
domestic,Medak,January,2017,523000
domestic,Medak,February,2017,543321
domestic,Medak,March,2017,548535
domestic,Medak,April,2017,554864
domestic,Medak,May,2017,556891
domestic,Medak,June,2017,561469
domestic,Medak,July,2017,575300
domestic,Medak,August,2017,632830
domestic,Medak,September,2017,696113
domestic,Medak,October,2017,765724
domestic,Medak,November,2017,842296
domestic,Medak,December,2017,926526
domestic,Medak,January,2019,400000
domestic,Medak,February,2019,600000
domestic,Medak,March,2019,1000000
domestic,Medak,April,2019,650000
domestic,Medak,May,2019,400000
domestic,Medak,June,2019,300000
domestic,Medak,July,2019,350000
domestic,Medak,August,2019,349900
domestic,Medak,September,2019,350400
domestic,Medak,October,2019,350000
domestic,Medak,November,2019,351560
domestic,Medak,December,2019,350710
domestic,Mulugu,January,2019,0
domestic,Mulugu,February,2019,159640
domestic,Mulugu,March,2019,156610
domestic,Mulugu,April,2019,152570
domestic,Mulugu,May,2019,154550
domestic,Mulugu,June,2019,163480
domestic,Mulugu,July,2019,167700
domestic,Mulugu,August,2019,171050
domestic,Mulugu,September,2019,172900
domestic,Mulugu,October,2019,172500
domestic,Mulugu,November,2019,173700
domestic,Mulugu,December,2019,175100
domestic,Nagarkurnool,January,2016,154674
domestic,Nagarkurnool,February,2016,154674
domestic,Nagarkurnool,March,2016,154674
domestic,Nagarkurnool,April,2016,154674
domestic,Nagarkurnool,May,2016,154674
domestic,Nagarkurnool,June,2016,154674
domestic,Nagarkurnool,July,2016,154674
domestic,Nagarkurnool,August,2016,154674
domestic,Nagarkurnool,September,2016,154674
domestic,Nagarkurnool,October,2016,201050
domestic,Nagarkurnool,November,2016,188786
domestic,Nagarkurnool,December,2016,198637
domestic,Nagarkurnool,January,2018,228812
domestic,Nagarkurnool,February,2018,286258
domestic,Nagarkurnool,March,2018,184508
domestic,Nagarkurnool,April,2018,174592
domestic,Nagarkurnool,May,2018,183697
domestic,Nagarkurnool,June,2018,180010
domestic,Nagarkurnool,July,2018,93450
domestic,Nagarkurnool,August,2018,118010
domestic,Nagarkurnool,September,2018,118449
domestic,Nagarkurnool,October,2018,201050
domestic,Nagarkurnool,November,2018,121452
domestic,Nagarkurnool,December,2018,198637
domestic,Nagarkurnool,January,2017,382879
domestic,Nagarkurnool,February,2017,286258
domestic,Nagarkurnool,March,2017,184508
domestic,Nagarkurnool,April,2017,183697
domestic,Nagarkurnool,May,2017,183697
domestic,Nagarkurnool,June,2017,180010
domestic,Nagarkurnool,July,2017,180010
domestic,Nagarkurnool,August,2017,181861
domestic,Nagarkurnool,September,2017,118010
domestic,Nagarkurnool,October,2017,201050
domestic,Nagarkurnool,November,2017,188786
domestic,Nagarkurnool,December,2017,382879
domestic,Nagarkurnool,January,2019,228812
domestic,Nagarkurnool,February,2019,286258
domestic,Nagarkurnool,March,2019,184508
domestic,Nagarkurnool,April,2019,121460
domestic,Nagarkurnool,May,2019,184372
domestic,Nagarkurnool,June,2019,184508
domestic,Nagarkurnool,July,2019,93450
domestic,Nagarkurnool,August,2019,118010
domestic,Nagarkurnool,September,2019,175712
domestic,Nagarkurnool,October,2019,196160
domestic,Nagarkurnool,November,2019,121425
domestic,Nagarkurnool,December,2019,198637
domestic,Nalgonda,January,2016,566515
domestic,Nalgonda,February,2016,539467
domestic,Nalgonda,March,2016,619462
domestic,Nalgonda,April,2016,601253
domestic,Nalgonda,May,2016,628872
domestic,Nalgonda,June,2016,551239
domestic,Nalgonda,July,2016,582820
domestic,Nalgonda,August,2016,988102
domestic,Nalgonda,September,2016,742402
domestic,Nalgonda,October,2016,3508
domestic,Nalgonda,November,2016,21046
domestic,Nalgonda,December,2016,13775
domestic,Nalgonda,January,2018,36205
domestic,Nalgonda,February,2018,9971
domestic,Nalgonda,March,2018,9677
domestic,Nalgonda,April,2018,9779
domestic,Nalgonda,May,2018,10241
domestic,Nalgonda,June,2018,9066
domestic,Nalgonda,July,2018,9668
domestic,Nalgonda,August,2018,10135
domestic,Nalgonda,September,2018,21365
domestic,Nalgonda,October,2018,22332
domestic,Nalgonda,November,2018,5422
domestic,Nalgonda,December,2018,6777
domestic,Nalgonda,January,2017,4447
domestic,Nalgonda,February,2017,8652
domestic,Nalgonda,March,2017,8054
domestic,Nalgonda,April,2017,44295
domestic,Nalgonda,May,2017,10750
domestic,Nalgonda,June,2017,37879
domestic,Nalgonda,July,2017,21361
domestic,Nalgonda,August,2017,9363
domestic,Nalgonda,September,2017,17465
domestic,Nalgonda,October,2017,36066
domestic,Nalgonda,November,2017,17687
domestic,Nalgonda,December,2017,25897
domestic,Nalgonda,January,2019,21284
domestic,Nalgonda,February,2019,13697
domestic,Nalgonda,March,2019,8467
domestic,Nalgonda,April,2019,7202
domestic,Nalgonda,May,2019,26338
domestic,Nalgonda,June,2019,5558
domestic,Nalgonda,July,2019,19783
domestic,Nalgonda,August,2019,7473
domestic,Nalgonda,September,2019,5230
domestic,Nalgonda,October,2019,5290
domestic,Nalgonda,November,2019,7177
domestic,Nalgonda,December,2019,13419
domestic,Narayanapet,January,2019,32438
domestic,Narayanapet,February,2019,32438
domestic,Narayanapet,March,2019,32438
domestic,Narayanapet,April,2019,32438
domestic,Narayanapet,May,2019,32438
domestic,Narayanapet,June,2019,32438
domestic,Narayanapet,July,2019,68842
domestic,Narayanapet,August,2019,72249
domestic,Narayanapet,September,2019,62841
domestic,Narayanapet,October,2019,58213
domestic,Narayanapet,November,2019,62750
domestic,Narayanapet,December,2019,64355
domestic,Nirmal,January,2016,277412
domestic,Nirmal,February,2016,277412
domestic,Nirmal,March,2016,277412
domestic,Nirmal,April,2016,277412
domestic,Nirmal,May,2016,277412
domestic,Nirmal,June,2016,277412
domestic,Nirmal,July,2016,277412
domestic,Nirmal,August,2016,277412
domestic,Nirmal,September,2016,277412
domestic,Nirmal,October,2016,475955
domestic,Nirmal,November,2016,201388
domestic,Nirmal,December,2016,239267
domestic,Nirmal,January,2018,480241
domestic,Nirmal,February,2018,335447
domestic,Nirmal,March,2018,328099
domestic,Nirmal,April,2018,368645
domestic,Nirmal,May,2018,342650
domestic,Nirmal,June,2018,355197
domestic,Nirmal,July,2018,335356
domestic,Nirmal,August,2018,313910
domestic,Nirmal,September,2018,293859
domestic,Nirmal,October,2018,373291
domestic,Nirmal,November,2018,289169
domestic,Nirmal,December,2018,361461
domestic,Nirmal,January,2017,340311
domestic,Nirmal,February,2017,415326
domestic,Nirmal,March,2017,442057
domestic,Nirmal,April,2017,274132
domestic,Nirmal,May,2017,297233
domestic,Nirmal,June,2017,340359
domestic,Nirmal,July,2017,328101
domestic,Nirmal,August,2017,340430
domestic,Nirmal,September,2017,528540
domestic,Nirmal,October,2017,388644
domestic,Nirmal,November,2017,369365
domestic,Nirmal,December,2017,340585
domestic,Nirmal,January,2019,313675
domestic,Nirmal,February,2019,443898
domestic,Nirmal,March,2019,424964
domestic,Nirmal,April,2019,327971
domestic,Nirmal,May,2019,149705
domestic,Nirmal,June,2019,349747
domestic,Nirmal,July,2019,359495
domestic,Nirmal,August,2019,334646
domestic,Nirmal,September,2019,299827
domestic,Nirmal,October,2019,263412
domestic,Nirmal,November,2019,253388
domestic,Nirmal,December,2019,296050
domestic,Nizamabad,January,2016,576
domestic,Nizamabad,February,2016,869
domestic,Nizamabad,March,2016,408
domestic,Nizamabad,April,2016,476
domestic,Nizamabad,May,2016,554
domestic,Nizamabad,June,2016,367
domestic,Nizamabad,July,2016,644
domestic,Nizamabad,August,2016,589
domestic,Nizamabad,September,2016,553
domestic,Nizamabad,October,2016,434
domestic,Nizamabad,November,2016,617
domestic,Nizamabad,December,2016,355
domestic,Nizamabad,January,2018,2495
domestic,Nizamabad,February,2018,7152
domestic,Nizamabad,March,2018,2903
domestic,Nizamabad,April,2018,3550
domestic,Nizamabad,May,2018,5360
domestic,Nizamabad,June,2018,1761
domestic,Nizamabad,July,2018,5882
domestic,Nizamabad,August,2018,10525
domestic,Nizamabad,September,2018,475
domestic,Nizamabad,October,2018,490
domestic,Nizamabad,November,2018,475
domestic,Nizamabad,December,2018,355
domestic,Nizamabad,January,2017,613
domestic,Nizamabad,February,2017,1752
domestic,Nizamabad,March,2017,660
domestic,Nizamabad,April,2017,1048
domestic,Nizamabad,May,2017,1341
domestic,Nizamabad,June,2017,2391
domestic,Nizamabad,July,2017,1520
domestic,Nizamabad,August,2017,1583
domestic,Nizamabad,September,2017,933
domestic,Nizamabad,October,2017,6644
domestic,Nizamabad,November,2017,1677
domestic,Nizamabad,December,2017,1787
domestic,Nizamabad,January,2019,878
domestic,Nizamabad,February,2019,915
domestic,Nizamabad,March,2019,938
domestic,Nizamabad,April,2019,958
domestic,Nizamabad,May,2019,1193
domestic,Nizamabad,June,2019,686
domestic,Nizamabad,July,2019,990
domestic,Nizamabad,August,2019,1004
domestic,Nizamabad,September,2019,6572
domestic,Nizamabad,October,2019,8849
domestic,Nizamabad,November,2019,11950
domestic,Nizamabad,December,2019,11400
domestic,Peddapalli,January,2016,1187
domestic,Peddapalli,February,2016,1187
domestic,Peddapalli,March,2016,1187
domestic,Peddapalli,April,2016,1187
domestic,Peddapalli,May,2016,1187
domestic,Peddapalli,June,2016,1187
domestic,Peddapalli,July,2016,1187
domestic,Peddapalli,August,2016,1187
domestic,Peddapalli,September,2016,1187
domestic,Peddapalli,October,2016,950
domestic,Peddapalli,November,2016,1145
domestic,Peddapalli,December,2016,1149
domestic,Peddapalli,January,2018,2670
domestic,Peddapalli,February,2018,2695
domestic,Peddapalli,March,2018,2325
domestic,Peddapalli,April,2018,1940
domestic,Peddapalli,May,2018,1499
domestic,Peddapalli,June,2018,1580
domestic,Peddapalli,July,2018,1580
domestic,Peddapalli,August,2018,1595
domestic,Peddapalli,September,2018,1475
domestic,Peddapalli,October,2018,1545
domestic,Peddapalli,November,2018,1655
domestic,Peddapalli,December,2018,1695
domestic,Peddapalli,January,2017,1345
domestic,Peddapalli,February,2017,1378
domestic,Peddapalli,March,2017,965
domestic,Peddapalli,April,2017,750
domestic,Peddapalli,May,2017,640
domestic,Peddapalli,June,2017,885
domestic,Peddapalli,July,2017,1095
domestic,Peddapalli,August,2017,1385
domestic,Peddapalli,September,2017,1155
domestic,Peddapalli,October,2017,1595
domestic,Peddapalli,November,2017,1940
domestic,Peddapalli,December,2017,1765
domestic,Peddapalli,January,2019,1055
domestic,Peddapalli,February,2019,1157
domestic,Peddapalli,March,2019,895
domestic,Peddapalli,April,2019,942
domestic,Peddapalli,May,2019,802
domestic,Peddapalli,June,2019,735
domestic,Peddapalli,July,2019,1085
domestic,Peddapalli,August,2019,1505
domestic,Peddapalli,September,2019,1785
domestic,Peddapalli,October,2019,2080
domestic,Peddapalli,November,2019,2225
domestic,Peddapalli,December,2019,2315
domestic,Rajanna Sircilla,January,2016,870068
domestic,Rajanna Sircilla,February,2016,870068
domestic,Rajanna Sircilla,March,2016,870068
domestic,Rajanna Sircilla,April,2016,870068
domestic,Rajanna Sircilla,May,2016,870068
domestic,Rajanna Sircilla,June,2016,870068
domestic,Rajanna Sircilla,July,2016,870068
domestic,Rajanna Sircilla,August,2016,870068
domestic,Rajanna Sircilla,September,2016,870068
domestic,Rajanna Sircilla,October,2016,534484
domestic,Rajanna Sircilla,November,2016,864077
domestic,Rajanna Sircilla,December,2016,778240
domestic,Rajanna Sircilla,January,2018,2238074
domestic,Rajanna Sircilla,February,2018,1021787
domestic,Rajanna Sircilla,March,2018,1022669
domestic,Rajanna Sircilla,April,2018,833874
domestic,Rajanna Sircilla,May,2018,1021952
domestic,Rajanna Sircilla,June,2018,320886
domestic,Rajanna Sircilla,July,2018,937720
domestic,Rajanna Sircilla,August,2018,320952
domestic,Rajanna Sircilla,September,2018,818693
domestic,Rajanna Sircilla,October,2018,506563
domestic,Rajanna Sircilla,November,2018,840933
domestic,Rajanna Sircilla,December,2018,950128
domestic,Rajanna Sircilla,January,2017,615842
domestic,Rajanna Sircilla,February,2017,1255569
domestic,Rajanna Sircilla,March,2017,1030441
domestic,Rajanna Sircilla,April,2017,1146782
domestic,Rajanna Sircilla,May,2017,1117228
domestic,Rajanna Sircilla,June,2017,1113882
domestic,Rajanna Sircilla,July,2017,462022
domestic,Rajanna Sircilla,August,2017,1004410
domestic,Rajanna Sircilla,September,2017,487060
domestic,Rajanna Sircilla,October,2017,845620
domestic,Rajanna Sircilla,November,2017,1191129
domestic,Rajanna Sircilla,December,2017,1649362
domestic,Rajanna Sircilla,January,2019,6188298
domestic,Rajanna Sircilla,February,2019,1015550
domestic,Rajanna Sircilla,March,2019,1444971
domestic,Rajanna Sircilla,April,2019,1148062
domestic,Rajanna Sircilla,May,2019,1018131
domestic,Rajanna Sircilla,June,2019,1128849
domestic,Rajanna Sircilla,July,2019,422961
domestic,Rajanna Sircilla,August,2019,586118
domestic,Rajanna Sircilla,September,2019,501293
domestic,Rajanna Sircilla,October,2019,646492
domestic,Rajanna Sircilla,November,2019,1259371
domestic,Rajanna Sircilla,December,2019,1472801
domestic,Sangareddy,January,2016,217177
domestic,Sangareddy,February,2016,217177
domestic,Sangareddy,March,2016,217177
domestic,Sangareddy,April,2016,217177
domestic,Sangareddy,May,2016,217177
domestic,Sangareddy,June,2016,217177
domestic,Sangareddy,July,2016,217177
domestic,Sangareddy,August,2016,217177
domestic,Sangareddy,September,2016,217177
domestic,Sangareddy,October,2016,274000
domestic,Sangareddy,November,2016,349000
domestic,Sangareddy,December,2016,155000
domestic,Sangareddy,January,2018,254000
domestic,Sangareddy,February,2018,540000
domestic,Sangareddy,March,2018,158500
domestic,Sangareddy,April,2018,162500
domestic,Sangareddy,May,2018,157000
domestic,Sangareddy,June,2018,93500
domestic,Sangareddy,July,2018,108600
domestic,Sangareddy,August,2018,205000
domestic,Sangareddy,September,2018,125000
domestic,Sangareddy,October,2018,171800
domestic,Sangareddy,November,2018,160000
domestic,Sangareddy,December,2018,134000
domestic,Sangareddy,January,2017,195000
domestic,Sangareddy,February,2017,140000
domestic,Sangareddy,March,2017,275000
domestic,Sangareddy,April,2017,215000
domestic,Sangareddy,May,2017,215000
domestic,Sangareddy,June,2017,180000
domestic,Sangareddy,July,2017,195000
domestic,Sangareddy,August,2017,295000
domestic,Sangareddy,September,2017,200000
domestic,Sangareddy,October,2017,232000
domestic,Sangareddy,November,2017,324500
domestic,Sangareddy,December,2017,356950
domestic,Sangareddy,January,2019,144000
domestic,Sangareddy,February,2019,148000
domestic,Sangareddy,March,2019,747000
domestic,Sangareddy,April,2019,205000
domestic,Sangareddy,May,2019,133000
domestic,Sangareddy,June,2019,347000
domestic,Sangareddy,July,2019,467000
domestic,Sangareddy,August,2019,466150
domestic,Sangareddy,September,2019,468350
domestic,Sangareddy,October,2019,467470
domestic,Sangareddy,November,2019,481720
domestic,Sangareddy,December,2019,478470
domestic,Siddipet,January,2016,120318
domestic,Siddipet,February,2016,120318
domestic,Siddipet,March,2016,120318
domestic,Siddipet,April,2016,120318
domestic,Siddipet,May,2016,120318
domestic,Siddipet,June,2016,120318
domestic,Siddipet,July,2016,120318
domestic,Siddipet,August,2016,120318
domestic,Siddipet,September,2016,120318
domestic,Siddipet,October,2016,123500
domestic,Siddipet,November,2016,154400
domestic,Siddipet,December,2016,80500
domestic,Siddipet,January,2018,253000
domestic,Siddipet,February,2018,44000
domestic,Siddipet,March,2018,164800
domestic,Siddipet,April,2018,115000
domestic,Siddipet,May,2018,165200
domestic,Siddipet,June,2018,104300
domestic,Siddipet,July,2018,54000
domestic,Siddipet,August,2018,100000
domestic,Siddipet,September,2018,55000
domestic,Siddipet,October,2018,43000
domestic,Siddipet,November,2018,135000
domestic,Siddipet,December,2018,50000
domestic,Siddipet,January,2017,80500
domestic,Siddipet,February,2017,80500
domestic,Siddipet,March,2017,80500
domestic,Siddipet,April,2017,80500
domestic,Siddipet,May,2017,80500
domestic,Siddipet,June,2017,60000
domestic,Siddipet,July,2017,88550
domestic,Siddipet,August,2017,97405
domestic,Siddipet,September,2017,107146
domestic,Siddipet,October,2017,117861
domestic,Siddipet,November,2017,129647
domestic,Siddipet,December,2017,142612
domestic,Siddipet,January,2019,140793
domestic,Siddipet,February,2019,199549
domestic,Siddipet,March,2019,204600
domestic,Siddipet,April,2019,184412
domestic,Siddipet,May,2019,110500
domestic,Siddipet,June,2019,1037000
domestic,Siddipet,July,2019,179320
domestic,Siddipet,August,2019,190750
domestic,Siddipet,September,2019,122550
domestic,Siddipet,October,2019,191330
domestic,Siddipet,November,2019,209130
domestic,Siddipet,December,2019,217930
domestic,Wanaparthy,January,2016,18543
domestic,Wanaparthy,February,2016,18543
domestic,Wanaparthy,March,2016,18543
domestic,Wanaparthy,April,2016,18543
domestic,Wanaparthy,May,2016,18543
domestic,Wanaparthy,June,2016,18543
domestic,Wanaparthy,July,2016,18543
domestic,Wanaparthy,August,2016,18543
domestic,Wanaparthy,September,2016,18543
domestic,Wanaparthy,October,2016,21234
domestic,Wanaparthy,November,2016,18348
domestic,Wanaparthy,December,2016,20556
domestic,Wanaparthy,January,2018,28131
domestic,Wanaparthy,February,2018,22341
domestic,Wanaparthy,March,2018,20050
domestic,Wanaparthy,April,2018,10550
domestic,Wanaparthy,May,2018,11502
domestic,Wanaparthy,June,2018,19092
domestic,Wanaparthy,July,2018,32625
domestic,Wanaparthy,August,2018,35860
domestic,Wanaparthy,September,2018,32002
domestic,Wanaparthy,October,2018,21234
domestic,Wanaparthy,November,2018,32657
domestic,Wanaparthy,December,2018,20556
domestic,Wanaparthy,January,2017,22152
domestic,Wanaparthy,February,2017,22342
domestic,Wanaparthy,March,2017,20050
domestic,Wanaparthy,April,2017,11502
domestic,Wanaparthy,May,2017,11502
domestic,Wanaparthy,June,2017,19092
domestic,Wanaparthy,July,2017,19092
domestic,Wanaparthy,August,2017,21375
domestic,Wanaparthy,September,2017,35860
domestic,Wanaparthy,October,2017,21234
domestic,Wanaparthy,November,2017,18348
domestic,Wanaparthy,December,2017,22152
domestic,Wanaparthy,January,2019,28131
domestic,Wanaparthy,February,2019,22342
domestic,Wanaparthy,March,2019,20050
domestic,Wanaparthy,April,2019,23749
domestic,Wanaparthy,May,2019,20010
domestic,Wanaparthy,June,2019,20050
domestic,Wanaparthy,July,2019,32625
domestic,Wanaparthy,August,2019,35860
domestic,Wanaparthy,September,2019,21375
domestic,Wanaparthy,October,2019,21234
domestic,Wanaparthy,November,2019,32657
domestic,Wanaparthy,December,2019,20556
domestic,Warangal (Rural),January,2016,17066
domestic,Warangal (Rural),February,2016,17066
domestic,Warangal (Rural),March,2016,17066
domestic,Warangal (Rural),April,2016,17066
domestic,Warangal (Rural),May,2016,17066
domestic,Warangal (Rural),June,2016,17066
domestic,Warangal (Rural),July,2016,17066
domestic,Warangal (Rural),August,2016,17066
domestic,Warangal (Rural),September,2016,17066
domestic,Warangal (Rural),October,2016,8200
domestic,Warangal (Rural),November,2016,6050
domestic,Warangal (Rural),December,2016,5150
domestic,Warangal (Rural),January,2018,25200
domestic,Warangal (Rural),February,2018,26300
domestic,Warangal (Rural),March,2018,26200
domestic,Warangal (Rural),April,2018,21600
domestic,Warangal (Rural),May,2018,22100
domestic,Warangal (Rural),June,2018,23100
domestic,Warangal (Rural),July,2018,25900
domestic,Warangal (Rural),August,2018,25700
domestic,Warangal (Rural),September,2018,25800
domestic,Warangal (Rural),October,2018,26000
domestic,Warangal (Rural),November,2018,24050
domestic,Warangal (Rural),December,2018,30062
domestic,Warangal (Rural),January,2017,8000
domestic,Warangal (Rural),February,2017,8300
domestic,Warangal (Rural),March,2017,7800
domestic,Warangal (Rural),April,2017,7600
domestic,Warangal (Rural),May,2017,8500
domestic,Warangal (Rural),June,2017,9000
domestic,Warangal (Rural),July,2017,13600
domestic,Warangal (Rural),August,2017,13650
domestic,Warangal (Rural),September,2017,13800
domestic,Warangal (Rural),October,2017,16500
domestic,Warangal (Rural),November,2017,16300
domestic,Warangal (Rural),December,2017,21200
domestic,Warangal (Rural),January,2019,28700
domestic,Warangal (Rural),February,2019,28800
domestic,Warangal (Rural),March,2019,29000
domestic,Warangal (Rural),April,2019,26900
domestic,Warangal (Rural),May,2019,24900
domestic,Warangal (Rural),June,2019,27100
domestic,Warangal (Rural),July,2019,28600
domestic,Warangal (Rural),August,2019,31600
domestic,Warangal (Rural),September,2019,32600
domestic,Warangal (Rural),October,2019,31100
domestic,Warangal (Rural),November,2019,32150
domestic,Warangal (Rural),December,2019,32050
domestic,Warangal (Urban),January,2016,1985815
domestic,Warangal (Urban),February,2016,20703778
domestic,Warangal (Urban),March,2016,568397
domestic,Warangal (Urban),April,2016,317643
domestic,Warangal (Urban),May,2016,373788
domestic,Warangal (Urban),June,2016,365332
domestic,Warangal (Urban),July,2016,340320
domestic,Warangal (Urban),August,2016,368755
domestic,Warangal (Urban),September,2016,379210
domestic,Warangal (Urban),October,2016,128247
domestic,Warangal (Urban),November,2016,129250
domestic,Warangal (Urban),December,2016,127500
domestic,Warangal (Urban),January,2018,137530
domestic,Warangal (Urban),February,2018,145750
domestic,Warangal (Urban),March,2018,140300
domestic,Warangal (Urban),April,2018,142510
domestic,Warangal (Urban),May,2018,143425
domestic,Warangal (Urban),June,2018,135615
domestic,Warangal (Urban),July,2018,136560
domestic,Warangal (Urban),August,2018,136760
domestic,Warangal (Urban),September,2018,138780
domestic,Warangal (Urban),October,2018,140948
domestic,Warangal (Urban),November,2018,144515
domestic,Warangal (Urban),December,2018,180643
domestic,Warangal (Urban),January,2017,130608
domestic,Warangal (Urban),February,2017,126608
domestic,Warangal (Urban),March,2017,118298
domestic,Warangal (Urban),April,2017,107133
domestic,Warangal (Urban),May,2017,109915
domestic,Warangal (Urban),June,2017,111530
domestic,Warangal (Urban),July,2017,116545
domestic,Warangal (Urban),August,2017,116810
domestic,Warangal (Urban),September,2017,117150
domestic,Warangal (Urban),October,2017,119255
domestic,Warangal (Urban),November,2017,119360
domestic,Warangal (Urban),December,2017,126790
domestic,Warangal (Urban),January,2019,151545
domestic,Warangal (Urban),February,2019,157755
domestic,Warangal (Urban),March,2019,154305
domestic,Warangal (Urban),April,2019,150425
domestic,Warangal (Urban),May,2019,143230
domestic,Warangal (Urban),June,2019,144400
domestic,Warangal (Urban),July,2019,145440
domestic,Warangal (Urban),August,2019,148030
domestic,Warangal (Urban),September,2019,151070
domestic,Warangal (Urban),October,2019,147450
domestic,Warangal (Urban),November,2019,153880
domestic,Warangal (Urban),December,2019,147700
domestic,Yadadri Bhongir,January,2016,560272
domestic,Yadadri Bhongir,February,2016,560272
domestic,Yadadri Bhongir,March,2016,560272
domestic,Yadadri Bhongir,April,2016,560272
domestic,Yadadri Bhongir,May,2016,560272
domestic,Yadadri Bhongir,June,2016,560272
domestic,Yadadri Bhongir,July,2016,560272
domestic,Yadadri Bhongir,August,2016,560272
domestic,Yadadri Bhongir,September,2016,560272
domestic,Yadadri Bhongir,October,2016,584800
domestic,Yadadri Bhongir,November,2016,681000
domestic,Yadadri Bhongir,December,2016,462800
domestic,Yadadri Bhongir,January,2018,2016000
domestic,Yadadri Bhongir,February,2018,3073872
domestic,Yadadri Bhongir,March,2018,2836580
domestic,Yadadri Bhongir,April,2018,692370
domestic,Yadadri Bhongir,May,2018,781842
domestic,Yadadri Bhongir,June,2018,577570
domestic,Yadadri Bhongir,July,2018,671156
domestic,Yadadri Bhongir,August,2018,526445
domestic,Yadadri Bhongir,September,2018,819350
domestic,Yadadri Bhongir,October,2018,586475
domestic,Yadadri Bhongir,November,2018,485208
domestic,Yadadri Bhongir,December,2018,606510
domestic,Yadadri Bhongir,January,2017,678000
domestic,Yadadri Bhongir,February,2017,540500
domestic,Yadadri Bhongir,March,2017,525588
domestic,Yadadri Bhongir,April,2017,570000
domestic,Yadadri Bhongir,May,2017,458700
domestic,Yadadri Bhongir,June,2017,685880
domestic,Yadadri Bhongir,July,2017,481240
domestic,Yadadri Bhongir,August,2017,680720
domestic,Yadadri Bhongir,September,2017,678925
domestic,Yadadri Bhongir,October,2017,683500
domestic,Yadadri Bhongir,November,2017,537600
domestic,Yadadri Bhongir,December,2017,481075
domestic,Yadadri Bhongir,January,2019,479293
domestic,Yadadri Bhongir,February,2019,56525
domestic,Yadadri Bhongir,March,2019,481923
domestic,Yadadri Bhongir,April,2019,441150
domestic,Yadadri Bhongir,May,2019,345790
domestic,Yadadri Bhongir,June,2019,370566
domestic,Yadadri Bhongir,July,2019,332770
domestic,Yadadri Bhongir,August,2019,389010
domestic,Yadadri Bhongir,September,2019,366862
domestic,Yadadri Bhongir,October,2019,381860
domestic,Yadadri Bhongir,November,2019,365990
domestic,Yadadri Bhongir,December,2019,477635
